empresa,fornecedor,data,valor
1d7a,288c,2019-11-07,1338.09
85ae,4d6e,2019-02-12,4400.00
00f0,c4ca,2019-07-03,20.10
e1c9,6364,2019-05-27,200.00
3f8c,e49b,2019-09-05,590.00
1833,9461,2019-10-15,476.00
52db,4ba2,2019-02-06,296.37
05dc,0e18,2019-02-07,1010.79
e420,959a,2019-12-30,100.00
fedd,b99d,2020-01-06,1227.00
00f0,cbb6,2019-08-23,5.10
cae0,2056,2019-05-24,6.00
e1fc,f40e,2019-12-16,42.08
dce8,1377,2019-01-15,1681.03
6812,a1d3,2019-07-16,75.00
258b,c4ca,2019-11-21,632.00
e420,8fec,2019-06-28,102.00
b9e0,4d6e,2019-12-30,240.00
7b56,5e38,2019-06-28,489.00
f658,6364,2019-11-07,693.00
112e,d07e,2019-03-08,1610.52
433a,3e89,2019-08-02,2230.00
07dc,75eb,2019-02-04,944.78
9f10,81dc,2019-02-18,250.00
e045,b06f,2019-11-21,793.48
6054,2d1b,2019-07-08,854.65
5f01,a34b,2019-02-28,34.37
d365,2772,2019-10-10,100.00
d2e9,c4ca,2019-09-30,55.00
fb1f,9c19,2019-04-05,960.03
579c,5f0f,2019-03-29,1177.82
b529,06fe,2019-06-21,9.00
41f6,5e38,2019-06-28,604.20
ba19,c254,2020-01-15,426.31
7020,3ef8,2019-08-20,530.00
6175,8d31,2019-01-02,783.20
0b5e,3e89,2019-03-21,250.00
bb6d,08d9,2019-05-15,1860.07
40ee,f3b7,2019-02-06,2333.02
6175,8d31,2019-12-27,1400.00
9f10,7c58,2019-02-07,980.10
f658,a884,2019-02-20,468.00
f150,d840,2019-11-28,1166.04
7b56,5e38,2019-03-29,693.00
5ccb,740a,2019-03-29,1195.81
e019,e171,2019-02-07,875.54
cba4,da0b,2019-11-25,608.48
ba19,4ba2,2019-05-30,789.00
7ff4,d07e,2019-04-16,481.40
f658,6d0f,2019-06-19,440.92
38a8,2056,2019-05-13,372.80
df60,991d,2019-07-08,1616.55
916a,3e89,2020-01-06,106.00
221e,d840,2020-01-21,480.00
ba19,cdc0,2019-02-28,127.12
258b,912d,2019-10-07,795.66
2420,a34b,2019-11-29,590.00
26eb,40db,2020-01-08,370.00
5d09,c254,2019-12-16,976.60
c852,818d,2019-12-16,537.52
112e,d07e,2019-01-02,1024.27
188c,310c,2019-02-11,8.40
221e,d840,2019-07-04,514.26
a948,c4ca,2020-01-16,989.10
6812,556f,2019-03-01,3527.55
f658,3d2d,2019-06-06,501.43
11d2,d736,2019-05-10,2020.75
f150,4ba2,2019-03-26,299.66
e654,8682,2019-09-05,270.00
4a1e,618b,2019-10-04,225.10
9119,2284,2019-01-16,3648.54
55d3,4ba2,2019-12-19,61.49
669c,f106,2019-08-30,660.00
7b56,5e38,2019-10-16,3000.00
7b56,4ba2,2019-02-14,541.10
5aae,6065,2019-12-20,957.05
1159,a34b,2019-11-01,632.00
cb4a,c4ca,2019-01-22,5.00
221e,b99d,2019-12-19,437.22
7b56,b1ee,2019-05-29,524.00
221e,4ba2,2019-04-17,409.20
7e1e,4d6e,2020-01-16,622.00
f658,6065,2019-06-19,482.12
55d3,4ba2,2019-10-31,586.33
7020,3417,2020-01-15,426.22
f949,3ef8,2019-11-29,338.01
9209,a1d3,2019-10-07,1940.10
188c,685a,2019-01-10,2045.53
221e,d840,2019-11-19,520.00
26eb,b5b1,2019-08-16,710.08
2420,4afd,2019-12-20,100.00
b9e0,2288,2019-09-20,150.00
dce8,7f16,2019-08-07,852.14
f658,821f,2019-06-19,290.00
55d3,b99d,2019-11-29,737.00
e055,6f61,2019-07-26,16540.00
b777,88ae,2019-06-03,294.59
433a,3e89,2019-08-12,2070.00
bc77,460b,2020-01-10,164.50
eb47,20b5,2019-02-28,921.20
579c,ccb0,2019-04-15,419.24
7a09,b99d,2019-09-03,200.00
a58c,3f67,2019-05-16,639.10
ba19,73f9,2019-09-02,610.00
2420,5ef6,2019-11-01,8700.28
52db,4ba2,2019-12-23,408.40
ba19,185e,2019-03-29,1522.65
9153,cbb6,2019-01-08,928.22
c852,1bec,2019-09-16,17.50
c627,cf98,2019-09-02,2226.00
e420,8fec,2019-11-29,1136.89
caca,9ee7,2019-04-05,656.17
5aae,c4ca,2019-10-07,800.00
f658,5e38,2019-05-07,921.18
d22f,cfcd,2019-05-09,819.58
188c,991d,2019-06-07,1078.30
d365,cdc0,2019-01-21,70.00
1833,ed42,2019-04-17,586.00
bd8e,48f7,2019-09-27,2932.67
e045,c4ca,2019-05-17,533.15
3183,d490,2019-09-06,3769.21
1f21,6d0f,2019-12-13,807.30
1f21,20b5,2020-01-14,1224.91
4a36,fb26,2019-04-05,127.14
52db,d840,2019-09-06,505.84
f150,4ba2,2019-11-28,512.50
1d7a,c0e9,2019-03-11,129.00
1d7a,2d1b,2019-02-01,869.95
f658,c4ca,2019-06-06,434.95
193e,912d,2019-06-03,3.70
3559,4918,2019-02-06,4670.25
188c,747d,2019-03-07,1497.28
ba19,3e89,2019-07-15,850.10
e1c9,9c19,2019-08-26,575.29
1d7a,2288,2019-10-07,1000.89
f150,f40e,2019-10-23,107.00
c852,addf,2019-10-15,384.00
e1c9,dc82,2019-11-26,4418.82
ba19,3ef8,2019-09-13,602.54
579c,0cb9,2019-01-31,582.33
414f,310c,2019-01-04,2340.01
e420,912d,2019-11-29,1038.56
112e,d07e,2019-05-09,1875.11
9f10,3d8e,2019-11-29,918.91
e045,b06f,2019-11-29,1423.00
ba19,d6c6,2019-09-13,880.20
ba19,3417,2019-03-29,824.67
f658,e340,2019-11-11,30.00
1833,e945,2019-06-06,1637.04
caca,f58c,2019-02-28,297.16
caca,b59c,2019-07-01,656.17
dce8,ed42,2019-11-29,288.00
8079,27ed,2019-12-02,994.88
e654,a501,2019-12-20,508.67
6175,2387,2019-09-13,430.28
dce8,4d6e,2019-10-29,500.00
ba19,e49b,2019-08-30,3501.42
ba19,2d1b,2019-09-06,307.18
24ce,912d,2019-10-04,1133.65
1833,9461,2019-07-04,385.21
c852,b5b8,2019-10-18,950.00
f658,66f0,2019-12-19,574.79
221e,4ba2,2020-01-07,307.72
188c,6d0f,2019-07-08,700.00
4a1e,07e1,2019-10-04,360.10
c852,1e48,2019-11-18,346.71
221e,7cce,2019-11-06,780.50
9209,8e68,2019-06-05,576.33
188c,07c5,2019-04-30,1706.50
d365,2d1b,2019-09-30,139.91
eb47,d490,2020-01-20,280.00
2443,9cd0,2019-11-06,1241.26
ba19,cdc0,2019-12-20,997.17
b529,f58c,2019-09-09,125.80
1833,912d,2019-07-05,200.00
d365,03f5,2019-12-20,58.00
112e,6fab,2019-06-24,0.67
dce8,4ba2,2019-05-16,214.91
f658,f106,2019-04-05,684.00
1b4f,912d,2020-01-06,830.73
b7bb,2468,2019-08-06,1049.13
9119,8fec,2019-11-29,101.21
ee20,2288,2019-11-29,551.78
a4ae,c16a,2019-09-25,2582.09
f5ba,250d,2019-07-05,514.32
cae0,dfb8,2019-01-04,1289.00
9fe3,a884,2019-02-01,941.00
11d2,c4ca,2019-12-30,1407.58
52db,4ba2,2019-03-07,522.06
f658,2288,2019-08-07,140.72
ba19,c16a,2019-10-15,635.10
6175,912d,2019-12-16,200.00
6af3,9e82,2019-11-22,300.00
073a,f106,2019-09-02,1293.10
cae0,4e2e,2019-04-10,16.00
b529,806b,2019-07-16,645.00
f658,c4ca,2020-01-21,1610.00
f658,20b5,2019-02-11,500.00
7264,5c64,2019-01-21,36.82
221e,4ba2,2019-02-21,413.28
9f10,9461,2019-08-19,31.05
6812,b59c,2019-07-16,74.12
e997,e340,2019-08-01,1281.10
1d7a,4d6e,2019-08-13,1165.57
b5a0,c4ca,2020-01-06,1796.83
e997,e487,2019-11-20,170.00
53cf,9cd0,2020-01-07,370.00
221e,d840,2019-06-06,1810.34
641c,4d05,2019-12-11,1050.00
258b,a3ab,2019-10-21,829.20
4a82,5d0c,2019-11-29,1478.97
7ff4,d07e,2019-12-27,641.12
5ccb,7302,2019-01-08,624.69
0b5e,03f5,2019-09-20,429.26
ac6a,f106,2020-01-20,168.63
0a54,faac,2019-05-15,3501.70
188c,2288,2019-10-03,245.80
ba19,f106,2019-07-15,516.22
02a6,43cf,2020-01-08,869.34
40ee,b99d,2020-01-03,1033.11
2394,192f,2019-01-15,549.00
f658,6065,2019-09-05,613.21
579c,ccb0,2019-04-18,1659.74
5aae,20b5,2019-03-07,542.51
caca,185e,2019-11-06,728.00
740a,5807,2019-10-01,2207.38
9209,16a5,2019-09-06,600.00
00f0,2974,2019-03-06,100.00
7b56,8424,2019-02-14,303.10
0a54,b5dc,2019-02-28,3791.03
5e19,2056,2019-11-21,653.47
6175,4e9c,2019-12-27,1490.00
10d0,5e38,2019-05-07,367.00
3343,5ef6,2019-12-05,1990.10
dce8,ec8b,2019-09-06,1377.72
30cf,03af,2019-11-29,545.04
ba19,c4ca,2019-03-29,253.14
f658,f106,2019-08-06,567.85
34fd,2468,2019-12-09,1950.44
caca,f58c,2019-10-18,436.21
9f10,b5a1,2019-11-13,53.80
dce8,3eb2,2020-01-20,773.43
caca,9ee7,2019-07-19,512.36
97e2,9271,2019-05-10,4999.90
4a1e,50a0,2019-12-23,400.00
24ce,912d,2019-01-08,1286.97
2c7e,25e2,2019-06-13,1045.20
9f10,7c58,2019-09-12,28.81
1bda,5e38,2019-02-13,230.10
38a8,4191,2019-08-07,674.82
00f0,2288,2019-08-19,395.32
c852,4dbf,2019-01-17,135.00
f658,4e2e,2019-10-30,4009.00
188c,1355,2019-04-05,49.12
e569,e584,2019-10-14,2.69
f1b9,c4ca,2019-04-01,1646.59
52db,d840,2019-09-23,618.98
d6a9,50a0,2019-11-01,494.10
ab4f,4d6e,2019-11-29,1591.00
e1c9,b7ee,2019-03-18,821.38
c627,d594,2019-10-29,1500.00
4a36,fb26,2019-06-05,1079.99
dce8,d77f,2019-10-22,699.23
6175,4d6e,2019-10-31,370.35
188c,f106,2019-01-08,1476.40
6812,2288,2019-03-29,754.88
b529,03f5,2019-09-06,21.98
9119,5e38,2019-11-29,636.78
2420,c16a,2019-12-03,0.37
b615,f106,2019-04-17,9.60
5aae,d68a,2019-03-07,589.99
7ff4,5e38,2019-06-27,907.75
ba19,4191,2019-03-15,1180.10
ec10,c4ca,2019-12-09,60.00
f658,cbb6,2019-11-06,340.00
433a,2468,2019-07-16,704.46
1d7a,3e89,2019-04-09,5386.88
9f10,d494,2020-01-10,394.10
433a,60a7,2019-12-05,219.57
1833,912d,2019-09-16,433.00
b529,1209,2019-02-28,500.75
221e,4ba2,2019-01-21,409.20
cae0,27ed,2019-04-02,1599.66
cae0,c16a,2019-02-04,687.63
a58c,e340,2019-07-16,422.00
1833,912d,2019-05-17,200.00
433a,07c5,2019-11-20,476.50
b777,fc8f,2019-07-08,1046.62
c852,1bec,2019-01-14,10.00
ec10,3d2d,2019-11-19,50.00
2420,c16a,2019-09-26,150.00
e654,5574,2019-11-01,149.80
1b4f,192f,2019-04-17,3.33
e045,b06f,2019-06-18,663.39
d365,29c0,2019-09-06,1560.00
7b56,5e38,2019-02-28,291.40
2420,a884,2019-03-11,1066.73
2c7e,0d31,2019-11-29,574.68
e997,cdc0,2019-12-30,1153.10
f658,250c,2019-05-09,115.00
0b5e,f3b7,2020-01-07,1715.98
ba19,3a20,2019-09-30,68.38
25aa,2056,2019-04-16,180.00
24ce,912d,2019-11-29,746.71
ec10,3332,2019-12-30,48.88
7b56,f6e7,2019-01-30,2728.86
ac6a,20b5,2020-01-20,469.16
2804,c4ca,2019-07-22,2310.40
2981,2288,2019-07-15,419.24
10d0,ce75,2019-10-07,375.00
6175,d96e,2019-03-06,500.00
10d0,ce75,2019-05-07,375.00
7b56,5e38,2019-02-14,420.10
7b56,5e38,2019-01-29,636.00
857b,3e89,2019-05-07,1471.38
f658,53e3,2020-01-08,100.00
bf3b,46d3,2019-11-19,20.10
b777,ef84,2019-05-07,1205.00
ec12,5e38,2019-05-09,65.76
e1c9,6364,2019-11-26,142.00
857b,192f,2019-12-04,1217.09
d365,3e89,2019-08-30,1028.40
9209,5574,2019-08-06,1140.00
669c,20b5,2019-04-15,930.10
00f0,e340,2019-06-21,381.94
f658,821f,2019-01-30,350.00
dce8,8d31,2019-12-19,1045.00
579c,ccb0,2019-02-28,1044.71
1833,f106,2019-04-16,100.00
e569,c16a,2019-09-23,718.20
40ee,4ba2,2019-11-04,993.57
ba19,03f5,2019-12-13,426.31
6812,5e38,2019-01-30,4396.05
3559,0e18,2019-03-08,599.42
221e,d840,2019-03-08,200.00
f658,2056,2019-12-10,192.00
1d7a,d594,2019-07-19,636.40
221e,4ba2,2019-11-27,513.48
c852,495d,2019-02-11,79.00
6812,1209,2019-05-29,1081.75
f150,d840,2019-09-24,585.36
2443,a34b,2019-08-20,68.62
cae0,2056,2019-11-04,300.00
1833,912d,2019-11-14,433.00
6175,20b5,2019-07-31,158.40
5579,a884,2019-11-29,1302.00
ba19,03f5,2019-12-13,651.57
f658,ed42,2019-05-07,170.00
52db,d840,2019-12-19,437.22
cae0,d77f,2019-08-02,1479.59
f658,f106,2019-02-22,880.00
f9a4,a34b,2020-01-06,166.64
f658,6364,2019-05-17,2.00
caca,8d31,2019-03-08,509.06
ee57,29c0,2019-11-01,501.10
f5ba,ea81,2019-04-08,1006.87
77a4,27ed,2019-12-06,1355.01
e997,e137,2019-06-28,1742.10
579c,3614,2019-06-28,1889.24
e654,c4ca,2019-11-11,569.17
6175,08e6,2019-05-30,6908.00
cae0,ea96,2020-01-03,1608.14
42e7,3e31,2019-10-21,248.39
d365,9e82,2019-01-07,92.10
579c,ccb0,2019-03-15,1309.65
cba4,c4ca,2019-12-09,1049.35
9209,0307,2019-09-05,970.00
cba4,d18f,2019-10-04,956.99
6175,2812,2019-12-19,420.00
188c,c4ca,2019-09-06,500.00
41f6,3d3d,2019-08-16,1796.10
b615,a884,2019-11-20,888.00
6175,912d,2019-12-27,500.00
916a,3e89,2019-04-25,350.00
7b56,5e38,2019-01-29,636.00
ba19,3ef8,2019-08-14,577.50
c4b5,03f5,2019-02-15,391.21
54e2,d594,2019-03-18,80.00
9322,3e89,2019-04-12,995.35
ba19,5e38,2019-11-29,519.24
221e,b99d,2019-01-21,409.20
e045,2288,2019-12-06,1054.50
b6e4,685a,2019-08-01,300.00
4270,a385,2019-06-10,1644.00
6558,c4ca,2019-11-20,400.00
11d2,3332,2019-10-07,3421.84
84c8,3e89,2019-11-29,731.07
0a64,6065,2019-07-15,378.00
55d3,4ba2,2019-06-14,699.00
579c,ccb0,2019-02-15,540.89
c0a0,2288,2019-06-05,868.24
df60,192f,2019-09-09,896.45
dce8,250d,2019-03-20,732.00
30f3,85fc,2019-04-15,242.07
e1c9,d142,2019-11-05,393.30
669c,3f67,2019-07-01,4228.20
00f0,c4ca,2019-10-07,30.45
579c,19b6,2019-01-31,871.44
92d6,42cd,2019-05-17,1235.40
b529,1209,2019-08-16,709.51
1833,29c0,2019-11-25,674.24
d22f,f93f,2019-05-13,90.00
f658,0531,2019-12-19,1262.00
caca,185e,2019-06-19,512.36
b529,991d,2019-05-17,600.00
0e58,afd4,2019-04-18,526.00
54e2,d490,2019-12-17,1839.58
1d7a,cdc0,2019-12-04,212.71
6af3,6d0f,2019-12-30,890.00
1d7a,5807,2019-04-01,949.00
f658,c4ca,2019-09-05,510.73
188c,3332,2019-08-06,1224.86
30a4,5d61,2019-09-19,775.40
433a,19ec,2019-12-06,350.00
c852,19ec,2019-07-29,50.00
c20a,e6be,2019-12-06,1650.00
c4b5,020c,2019-01-08,3954.27
b529,7302,2019-07-09,156.99
cf65,60a7,2020-01-20,591.47
2804,a34b,2020-01-13,2773.83
e1c9,6364,2019-02-07,585.00
6558,e6be,2019-09-02,161.80
cba4,b1ee,2019-07-05,1091.44
e1c9,6364,2019-01-25,408.77
dce8,1209,2020-01-09,494.62
6175,5e9f,2019-01-02,2386.88
f150,4ba2,2019-03-26,403.20
2420,7302,2019-10-07,1184.20
f658,2056,2019-02-07,300.00
6175,8d31,2019-06-05,1595.14
f640,2d1b,2019-12-06,1139.01
d365,c16a,2019-06-27,252.15
0b5e,a1f0,2019-11-20,1990.00
7020,3769,2019-07-30,659.31
11d2,747d,2019-10-10,830.40
e1c9,f15d,2019-05-27,546.10
cacc,192f,2019-05-07,170.00
ba19,4d6e,2019-08-30,620.75
52db,c4ca,2020-01-21,417.19
1833,ed42,2019-10-07,700.82
ab4f,1377,2019-09-16,197.00
ab4f,020c,2019-06-03,957.00
b878,a1d3,2019-07-08,472.33
6175,4ba2,2019-05-30,134.10
c852,fb26,2020-01-16,48.00
6175,2056,2020-01-23,619.06
00f0,912d,2020-01-20,91.00
b615,a36e,2019-05-10,854.00
30f3,cbb6,2019-07-15,500.41
b615,ec8b,2019-06-24,1320.00
1833,912d,2019-08-08,919.92
dce8,f26d,2019-07-22,491.00
5aae,4ba2,2019-10-14,50.00
c4b5,03f5,2019-07-05,335.00
8ec3,e6cb,2019-11-01,2297.67
f311,c4ca,2019-12-06,92.30
7b56,1e51,2019-02-28,297.00
ba19,8424,2019-01-21,2505.22
5579,5c50,2019-07-19,3000.00
1833,2d1b,2019-11-07,418.18
41f6,a34e,2019-11-14,429.38
25aa,fc8f,2019-03-29,1343.00
5ccb,a1f0,2019-02-07,1976.97
3631,2056,2019-07-15,769.00
0b5e,03f5,2019-06-21,408.16
2c25,f220,2019-12-10,410.00
7ff4,d07e,2019-09-20,39.59
ad81,b59c,2019-12-11,1512.00
4e5a,2d1b,2020-01-08,200.00
dce8,912d,2019-07-22,761.16
cba4,e340,2019-08-19,356.00
2420,991d,2019-05-09,885.40
414f,e340,2019-07-02,363.00
2394,2d1b,2019-02-01,1769.73
4270,3a20,2020-01-09,1715.43
ac6a,4d6e,2019-12-20,469.16
f658,f29c,2019-12-06,235.00
f658,c4ca,2020-01-07,265.00
7020,3417,2019-08-16,426.22
8e5f,7cce,2020-01-14,160.00
b704,b8b4,2019-10-07,795.41
9706,84f0,2019-09-05,1082.00
6175,d594,2019-07-31,822.73
f658,7cce,2019-02-07,870.00
669c,991d,2019-02-13,85.11
f328,c4ca,2019-12-30,1136.10
414f,03f5,2019-06-19,200.00
f70d,020c,2019-04-05,775.00
6175,d96e,2019-10-10,970.00
433a,2468,2019-01-21,444.79
221e,4ba2,2019-11-18,1092.39
ce9e,c4ca,2019-11-11,964.90
ba19,8424,2019-10-30,703.31
ba19,6d0f,2019-10-15,892.30
f70d,3f67,2019-09-02,1000.00
6eff,8d31,2019-05-08,467.00
0b5e,03f5,2020-01-20,9.00
0b5e,991d,2019-03-06,562.62
d365,c4ca,2019-09-26,90.00
f150,528a,2019-12-12,89.27
f70d,e49b,2019-12-04,245.00
1992,2974,2020-01-06,522.00
188c,c0e9,2019-03-06,1136.59
f150,d840,2019-07-04,522.06
85f3,29c0,2020-01-08,858.13
2394,c16a,2019-04-30,918.43
a58c,3f67,2019-04-04,1344.10
c4b5,1a15,2019-09-20,200.00
b529,f26d,2019-07-03,533.60
1833,6917,2019-08-07,48.98
ba19,a34b,2019-10-01,1181.25
50d0,4d6e,2019-09-05,531.80
e654,7f5d,2019-12-20,454.49
433a,3e89,2019-08-23,1000.00
cae0,f106,2019-05-13,700.00
b777,e369,2019-11-28,595.41
f658,1f0e,2019-01-21,2.00
cae0,747d,2019-07-08,290.00
40ee,b99d,2019-02-06,872.64
e997,6202,2019-12-30,1128.45
a4ae,2288,2019-05-14,478.01
55d3,c4ca,2019-08-30,544.51
cb4a,9cd0,2019-03-01,840.00
1c9f,459a,2019-11-05,1009.00
b777,4d6e,2019-12-20,49.84
7b56,5e38,2019-08-29,39.63
9f10,db18,2019-06-28,808.23
e997,020c,2019-06-05,531.25
188c,e7f8,2019-04-05,1079.75
ac6a,f106,2020-01-07,292.86
da4d,c16a,2019-07-02,79.20
e654,6cd6,2019-09-02,5912.38
2443,d756,2019-08-05,540.00
414f,43cf,2019-03-06,452.84
40ee,b99d,2019-11-18,73.27
bd8e,48f7,2019-11-14,990.00
e055,4191,2019-05-03,4787.88
ba19,185e,2019-05-30,1045.71
dce8,3eb2,2019-05-07,667.00
d22f,cbb6,2019-11-07,315.00
eb47,d490,2019-11-07,780.00
ac6a,f106,2019-10-04,180.24
9153,7cce,2019-12-06,965.09
b529,ac34,2019-05-16,817.98
cba4,6377,2019-10-03,893.71
f70d,2d1b,2019-04-30,995.00
dce8,2056,2019-07-23,258.54
e1c9,556f,2019-06-10,486.57
9209,d5d7,2019-06-13,3897.23
e997,991d,2019-04-18,90.00
2394,a34b,2019-03-29,822.00
433a,dead,2019-10-28,809.00
2394,60a7,2019-10-15,5.90
f658,2056,2020-01-21,67.00
414f,43cf,2019-01-31,1754.89
50a6,c4ca,2020-01-15,915.54
579c,ccb0,2019-02-15,419.24
1d7a,a36e,2019-08-07,1033.15
f778,c0e9,2019-06-03,800.07
1159,c4ca,2019-10-30,3313.00
cba4,a34b,2019-08-07,1241.71
cba4,109d,2019-10-03,986.79
5069,6d0f,2020-01-21,2005.70
40ee,f3b7,2019-06-05,2521.65
e997,4d6e,2019-07-16,152.00
188c,e7f8,2019-09-06,1128.73
7fbc,2afe,2019-12-27,400.00
6812,3593,2019-06-25,414.00
7b56,8424,2019-09-27,249.50
6175,2056,2019-10-31,144.00
5ccb,2468,2019-07-08,1506.55
e997,2056,2019-11-01,59.00
8ec3,e48e,2019-08-01,1857.87
a58c,3272,2019-11-14,451.71
779f,6d0f,2019-08-06,907.87
9119,4e2e,2019-09-06,834.49
f658,5c64,2019-10-07,100.00
112e,d07e,2019-03-08,1741.66
dab9,c4ca,2019-06-07,4.04
1159,c4ca,2019-04-26,2055.00
5aae,991d,2019-11-05,471.04
cb4a,08d9,2019-03-01,1885.92
cb4a,c4ca,2019-07-03,1884.99
414f,2056,2019-09-03,1177.11
414f,a34b,2020-01-03,810.00
cacc,3e89,2019-10-17,265.00
d22f,49af,2019-09-06,1025.10
2c86,48ab,2019-03-06,3239.18
ac93,c254,2019-05-31,730.00
1159,ac34,2019-10-28,910.00
857b,3e89,2019-08-05,1082.15
3918,6364,2019-05-29,745.00
e569,6065,2020-01-08,1041.62
641c,2d1b,2020-01-16,1184.50
9209,e945,2019-10-09,1934.66
c852,fb26,2019-09-17,15.09
d22f,01ce,2020-01-20,1000.00
f328,2056,2019-05-31,520.00
11d2,cbb6,2019-03-07,170.00
ba19,ce75,2019-10-17,650.00
b615,dc87,2019-09-20,514.00
f150,4ba2,2019-01-21,611.49
1d7a,3769,2019-12-30,7.43
4a82,5c57,2019-11-28,874.07
5f01,a34b,2019-08-30,1305.12
1d7a,50a0,2019-01-02,1199.27
b529,1209,2019-05-03,419.50
ba19,d6c6,2019-12-02,2996.52
9d2c,a34b,2019-04-10,222.00
b615,75eb,2019-02-22,600.40
b87b,d77f,2019-07-31,1011.10
414f,b5b8,2019-02-01,1000.00
9f10,b5a1,2019-10-15,257.65
59b9,6065,2019-05-21,70.00
52db,4ba2,2019-02-21,403.20
f5ba,a34b,2019-03-01,610.00
1d7a,3593,2019-01-02,605.04
11d2,3332,2019-03-08,2533.01
0b5e,f3b7,2019-06-21,423.91
7ff4,d07e,2019-10-17,449.02
e420,32fd,2019-12-30,100.00
c9e1,b5dc,2019-10-04,50.00
6812,5e38,2019-01-22,392.10
d3a7,c4ca,2019-12-02,86.12
f311,4918,2019-05-17,676.10
7b56,1e51,2019-04-15,252.10
2420,20b5,2019-02-22,180.00
6812,c6d6,2019-02-28,2520.38
f70d,27ed,2019-04-04,1809.33
10d0,ea96,2019-08-06,1624.29
e654,ced5,2019-11-29,250.34
7761,d9d4,2019-01-21,416.00
1833,c4ca,2019-09-16,271.00
9f10,b5a1,2019-08-08,194.10
e019,40cc,2019-11-29,173.00
f9a4,185e,2019-12-23,72.29
50a6,2d1b,2019-09-09,447.36
c0a0,912d,2019-03-15,394.56
70b3,020c,2019-09-06,896.38
d22f,61cb,2020-01-09,365.00
e420,912d,2019-07-31,113.00
fb1f,aa36,2019-07-04,174.92
6af3,dc87,2019-09-05,380.00
6812,8724,2019-07-31,562.00
ba19,f106,2019-12-30,782.80
f150,d840,2019-09-24,416.40
0b5e,7302,2019-11-08,715.00
e1c9,aba5,2019-07-25,701.85
7ff4,5e38,2019-10-17,490.76
2420,4afd,2019-06-07,921.70
5ccb,f220,2019-02-07,1890.89
6175,991d,2019-12-23,40.00
cae0,a34b,2019-12-20,783.96
e1c9,6364,2019-02-21,349.38
07dc,afd4,2019-03-29,672.03
e019,40cc,2019-12-16,640.00
4a82,5c57,2019-12-16,1870.75
6812,e9dc,2019-05-31,1323.35
53cf,7cce,2019-12-06,2466.86
ba19,0307,2019-02-15,800.40
6175,d96e,2019-12-09,1151.53
1992,3a20,2020-01-03,588.00
cae0,7302,2020-01-03,859.06
f640,3c33,2019-09-27,1566.51
d3a7,cbb6,2019-10-04,1154.48
cba4,192f,2019-12-09,716.00
7a09,b99d,2019-05-07,1429.20
f150,d840,2019-08-08,206.45
3631,c4ca,2019-11-06,701.47
ba19,afd4,2019-11-27,126.81
f640,0307,2019-07-31,1073.73
a6b3,5f0f,2019-09-30,344.81
221e,d840,2019-10-21,1255.44
258b,c254,2019-02-25,8.82
e352,310c,2019-06-14,760.67
ba19,6065,2019-08-30,668.35
9f10,3530,2019-07-01,84.79
cacc,3e89,2019-09-06,100.00
f1b9,e340,2019-07-01,600.00
5ccb,f106,2019-06-06,400.00
2c7e,806a,2019-10-21,2895.00
221e,4ba2,2019-12-06,166.44
1d7a,e340,2019-03-13,2300.32
1b4f,f40e,2019-04-16,1000.00
f150,55b3,2019-11-19,1990.10
7b56,5e38,2019-05-14,420.10
f658,2288,2019-11-20,300.00
669c,528a,2019-02-04,500.00
4a36,c4ca,2019-01-07,130.10
1833,f106,2019-08-07,712.20
5d09,50a0,2019-04-02,1761.90
10d0,3891,2019-09-04,1288.10
f949,32bb,2019-12-06,864.07
a6b3,8424,2020-01-16,436.87
caca,185e,2019-08-07,719.90
ba19,0887,2019-09-30,1917.77
0b5e,a1f0,2019-06-13,163.00
5ccb,a385,2019-08-30,1777.38
f949,3ef8,2019-12-30,1411.26
6b72,d2ed,2019-01-18,216.00
7190,2288,2019-01-08,800.00
f658,5e38,2020-01-07,41.42
00f0,4e2e,2019-08-06,650.00
1e27,a34b,2019-01-31,1293.56
6812,ea96,2019-08-02,774.10
7020,3417,2019-02-15,382.21
b777,6b62,2019-07-01,40.58
490b,81dc,2019-11-29,1167.84
f328,b5b1,2019-09-30,1375.00
6812,aba5,2019-07-19,500.00
8079,01ce,2019-09-02,157.23
4270,f58c,2019-12-27,888.46
e1c9,250c,2019-10-04,546.10
ce9e,3d2d,2019-04-15,300.00
15b6,2d1b,2019-12-04,709.61
24ce,912d,2019-11-29,8.00
85f3,4d6e,2019-12-19,79.96
a58c,3272,2019-11-04,200.00
1833,ed42,2019-03-01,479.83
221e,4ba2,2019-02-21,433.62
112e,d07e,2019-02-11,1533.55
9119,d580,2019-09-06,1499.25
bd8e,8fec,2019-10-15,1470.00
ac6a,20b5,2019-11-07,147.69
7e1e,0307,2019-03-01,525.82
0293,4ba2,2019-11-13,1035.96
8dd1,8b5c,2019-05-16,229.47
579c,ccb0,2019-03-28,2038.54
7b56,8424,2019-01-30,493.99
85f3,42e7,2020-01-08,205.00
f150,d840,2019-12-19,588.00
1d7a,5807,2019-06-14,850.10
2420,7302,2020-01-08,1079.74
b529,87f7,2019-04-15,1504.50
9d2c,991d,2019-03-08,1171.05
188c,7cce,2019-06-07,569.23
7a09,b99d,2019-02-07,1260.00
490b,0d27,2019-12-30,1249.59
55d3,020c,2019-10-16,629.10
ec1e,f106,2019-08-09,375.82
3925,020c,2019-03-01,8293.01
ba19,03f5,2019-12-13,651.57
10d0,ce75,2019-10-07,369.10
eb47,7302,2019-12-09,900.00
1b4f,912d,2019-07-16,1576.50
f658,b59c,2019-12-03,90.00
ba19,5e38,2019-03-15,577.50
857b,4d6e,2019-06-06,217.00
ba19,6065,2020-01-15,621.74
effd,c4ca,2020-01-02,484.18
f640,2288,2019-07-30,319.30
52db,4ba2,2019-06-06,243.81
c4b5,d594,2019-09-09,1483.00
30cf,f55c,2019-10-01,1358.61
4a82,5c57,2019-11-28,619.71
715e,c16a,2019-07-03,4.10
26eb,6f61,2019-02-15,698.00
8dd1,60a7,2019-10-18,174.50
b529,c4ca,2019-06-17,338.10
bc5d,528a,2019-03-29,1627.00
a80c,5fef,2019-03-01,293.17
26eb,c4ca,2019-05-09,130.00
f9a4,185e,2020-01-06,700.00
e420,c254,2019-01-03,600.00
ca9d,c4ca,2019-11-22,1500.00
4270,f18a,2019-02-11,260.00
b529,5c57,2019-03-18,406.00
1534,9431,2019-04-01,1410.78
857b,cdc0,2019-01-04,812.14
7c87,afd4,2019-03-01,904.18
f640,4d6e,2019-04-02,352.41
12e4,f18a,2019-12-20,369.00
30a4,2288,2019-06-17,636.10
f70d,cdc0,2019-11-01,2076.17
f9a4,1377,2019-12-04,50.00
ba19,03f5,2019-12-30,1380.93
9fe3,e340,2019-06-03,3035.26
3918,6364,2019-04-08,5711.73
414f,3a20,2019-12-19,484.00
2420,d594,2019-09-06,1050.00
ba19,3ef8,2019-07-30,605.14
ba19,5e38,2019-06-17,359.98
f658,bad5,2019-03-06,620.00
ded9,c4ca,2019-06-24,250.00
a181,192f,2019-12-23,3330.00
fbf3,4ba2,2019-06-03,1275.20
f658,84f0,2019-09-06,250.00
ce9e,1355,2019-10-11,509.00
5ccb,9649,2019-03-08,119.35
6b2f,2288,2019-03-27,4152.00
f658,319a,2019-05-22,450.00
cba4,109d,2019-10-04,893.71
41f6,b156,2019-07-15,386.87
1c9f,996a,2019-10-04,1038.41
cba4,109d,2019-10-04,1491.71
ad81,8424,2019-11-07,1380.00
188c,2288,2019-07-10,1139.91
6175,a34b,2019-12-26,189.00
433a,dead,2019-11-13,43.00
e654,6364,2019-11-29,143.10
6eff,a1d3,2019-02-07,444.00
f658,5e38,2019-03-20,550.00
779f,bad5,2019-06-06,207.25
7ff4,d07e,2019-12-27,641.12
54e2,40db,2019-06-13,583.00
40ee,b99d,2019-11-04,1093.82
b529,1209,2019-05-03,314.50
740a,3a83,2019-08-01,968.85
669c,29c0,2019-01-31,194.24
6812,6364,2019-06-21,130.10
f658,7302,2019-02-08,50.00
0a54,29c0,2019-12-20,666.68
6175,0e18,2019-10-31,144.00
579c,0cb9,2019-02-28,455.09
f658,b5b1,2019-09-20,1647.00
ef94,0531,2019-11-25,1743.75
b615,a36e,2019-08-07,807.00
6175,6065,2019-07-02,1101.75
2a91,7302,2019-02-07,0.21
f354,da97,2019-12-06,1375.68
779f,d5e2,2019-09-06,340.00
5f01,f106,2019-12-02,897.35
b704,46d3,2019-08-26,186.00
1b4f,c4ca,2020-01-21,1411.68
dce8,2056,2020-01-09,1175.33
1d7a,4ba2,2019-01-02,752.63
cae0,27ed,2020-01-03,1829.64
9f10,f3b7,2019-02-14,316.63
7b56,4ba2,2019-06-28,1738.07
6175,d96e,2020-01-15,92.00
579c,2b38,2019-03-29,1014.00
24ce,912d,2019-04-05,1140.35
0293,e49b,2019-12-03,342.28
ba19,a34b,2019-03-29,538.95
f658,c4ca,2019-12-20,1614.21
30cf,3a82,2019-12-30,2035.84
30f3,bad5,2019-11-14,242.07
e420,d594,2019-12-13,605.24
f5ba,2056,2019-03-01,1559.36
433a,1e3b,2019-06-06,1440.10
cba4,dfb8,2019-06-06,736.00
ac6a,2056,2019-11-07,490.18
ba19,5e38,2019-12-05,848.12
c627,29c0,2019-09-09,320.00
b529,3d3d,2019-08-01,870.90
7ff4,5e38,2019-05-30,1102.85
a6b3,5e38,2019-10-30,693.39
00f0,a3ab,2019-09-20,490.00
ca9d,c4ca,2019-10-15,875.69
5aae,c4ca,2019-08-12,218.00
9119,1eb5,2019-06-10,1858.23
994a,2974,2019-06-10,33.66
1833,1eb5,2019-05-06,219.31
a4ae,29c0,2019-11-29,512.77
9209,2eb5,2020-01-14,346.00
f328,c16a,2019-11-27,302.81
dce8,03f5,2019-03-01,491.00
f658,6d0f,2019-05-07,900.00
43d0,2056,2019-11-05,591.57
188c,740a,2019-07-05,381.23
54e2,d490,2019-07-12,2489.10
bd8e,3f16,2019-11-21,1560.80
7e1e,d5e2,2019-06-05,130.00
b529,3d3d,2019-01-16,427.93
9119,f3b7,2019-02-11,1959.95
414f,6065,2019-12-03,965.70
ba19,185e,2019-03-15,1875.63
b878,c4ca,2019-08-06,689.10
7478,2e65,2019-01-22,270.00
579c,0cb9,2019-04-15,419.24
9f10,2217,2019-04-12,202.10
f658,c4ca,2019-11-21,521.00
2420,4afd,2019-04-15,19.50
e1c9,250c,2019-06-25,800.00
221e,4ba2,2019-02-21,409.20
ce9e,415e,2019-04-08,5992.00
1833,4c56,2019-07-18,740.00
2a91,4d6e,2019-01-22,146.08
e055,dc82,2019-05-03,2472.16
24ce,912d,2019-06-06,1021.77
07dc,f58c,2019-10-31,680.91
6175,7647,2020-01-08,200.00
c852,9914,2019-08-12,344.20
7b56,8424,2019-03-29,12.41
9119,3ef8,2019-09-12,1986.54
f640,f106,2019-03-22,515.00
ef94,a34b,2019-08-05,508.71
5aae,0e18,2019-11-01,104.40
7b56,5e38,2019-02-28,549.00
e997,c4ca,2019-12-02,700.00
1833,912d,2019-10-15,433.00
3fe2,c16a,2019-11-14,425.00
ec10,460b,2019-12-02,115.80
7ff4,8424,2019-11-22,693.83
0b5e,81dc,2019-10-23,85.84
cba4,109d,2019-10-03,893.71
490b,81dc,2019-06-03,995.97
f150,7cce,2019-02-08,1153.67
6812,aa36,2019-05-14,325.10
5ccb,2335,2019-03-11,1550.64
b529,03f5,2019-08-16,1132.97
414f,6065,2019-05-03,874.33
6812,ea96,2019-08-21,900.00
1b4f,912d,2019-03-01,2448.03
9faf,d490,2019-02-18,462.00
1534,0e14,2019-04-15,352.35
ba19,04ec,2019-01-10,710.69
837c,4afd,2019-08-01,879.10
4a36,3593,2019-06-05,834.70
cba4,2288,2019-06-12,32.26
c0a0,f106,2019-06-19,400.39
2420,a884,2019-10-09,1210.00
5ccb,310c,2019-04-10,1500.00
ec10,3d2d,2019-12-03,4878.16
4a82,5c57,2019-11-29,1146.48
7b56,3e89,2019-03-14,541.10
1534,9431,2019-03-01,2299.31
188c,c16a,2019-06-18,12500.00
7b56,b1ee,2019-12-19,195.00
6175,e137,2019-10-31,750.00
cba4,ec8b,2019-09-09,1234.46
f150,d840,2019-11-07,537.86
b529,03f5,2019-12-24,454.19
43d0,6d0f,2019-07-01,749.10
dce8,912d,2019-05-22,740.00
e055,6f61,2019-09-02,3574.07
0b5e,310c,2019-04-08,295.51
f658,40db,2019-12-18,130.00
bd8e,42cd,2020-01-23,3071.03
f658,2da6,2019-03-11,468.20
e2b6,01ce,2019-07-01,934.10
dce8,ccb0,2019-08-07,904.23
ba19,5e38,2019-02-28,906.91
ca9d,c4ca,2019-10-21,50.00
cae0,4afd,2020-01-23,72.00
b529,afd4,2019-09-02,560.00
5ccb,4afd,2019-07-05,730.00
cacc,3e89,2019-09-06,142.35
433a,2468,2019-07-08,530.56
3369,6202,2019-02-18,168.15
d365,c16a,2019-03-26,110.00
c852,8597,2019-10-15,271.00
9119,6d0f,2019-04-05,0.08
7190,2288,2019-10-04,200.00
f658,c4ca,2019-04-04,1165.45
24ce,912d,2019-12-06,1051.20
dce8,9e82,2019-08-07,782.35
09a0,cdf1,2019-07-30,512.30
85ae,03f5,2019-07-16,2.00
221e,4ba2,2019-04-09,735.66
caca,b59c,2019-05-17,512.36
e055,c4ca,2019-03-06,2034.29
00f0,20b5,2019-11-05,601.61
1833,f106,2019-06-05,499.84
f658,6065,2019-06-19,522.00
f949,fc4d,2019-11-29,609.76
5ccb,20b5,2019-06-06,1350.00
9119,3ef8,2019-12-10,1954.42
579c,50a0,2019-03-29,1228.98
dce8,185e,2019-11-07,923.42
f5ba,0531,2019-10-28,2.88
5f01,6d0f,2019-01-31,868.81
0a54,42cd,2019-12-20,198.99
c852,36f4,2019-01-14,28.00
1159,c4ca,2019-08-14,120.00
b529,f58c,2019-10-01,856.74
ab4f,f40e,2019-08-30,160.00
00f0,192f,2019-09-23,200.00
fd17,4ba2,2019-10-01,430.92
6175,b5b8,2019-08-05,700.00
caca,e49b,2019-06-28,806.83
8079,b5a1,2019-05-06,1483.28
7190,1dfc,2019-12-02,678.00
8fc7,2288,2019-12-02,255.26
10d0,3ef8,2019-04-04,1624.29
2420,7302,2019-11-29,674.00
1833,20b5,2019-02-18,824.00
dce8,b8fd,2019-05-07,58.53
9119,ea96,2020-01-10,1985.88
ec1e,f106,2019-04-10,154.10
bd8e,3f16,2019-07-15,1595.00
98f8,6202,2019-09-16,879.10
cae0,03f5,2019-10-07,94.28
f658,4afd,2019-07-25,2224.14
b7bb,991d,2019-11-08,9.13
a58c,e340,2019-09-30,562.00
9fe3,b99d,2019-07-15,460.00
7b56,5e38,2019-04-29,498.00
40ee,c16a,2019-11-04,1257.96
b529,1209,2019-09-13,459.51
8ec3,d010,2019-09-12,124.95
7a09,6081,2019-03-08,1129.82
ba19,06fe,2019-12-13,426.31
dce8,40db,2019-11-21,761.16
a4ae,a884,2020-01-15,1136.06
f658,f29c,2019-02-07,0.93
92d6,912d,2019-02-11,1410.60
5d09,e49b,2019-12-30,509.00
579c,ccb0,2019-02-28,1190.10
dce8,a36e,2019-06-06,1136.23
cba4,52c4,2019-10-03,956.99
e2b6,01ce,2019-01-15,840.00
ad81,6805,2019-12-18,1450.35
9119,3ef8,2020-01-10,1646.14
2443,460b,2019-11-21,650.00
f658,6065,2019-02-25,2345.75
e1c9,f3d9,2019-10-16,709.50
cba4,2288,2019-04-10,989.32
7fbc,c4ca,2019-12-02,276.99
8ec3,c4ca,2019-11-04,794.00
00f0,e340,2019-09-05,821.24
ba19,5e38,2019-11-27,528.52
4270,1eb5,2019-06-07,4.10
f658,3eb2,2019-07-05,1048.34
414f,20b5,2019-06-03,1565.04
7020,0887,2019-03-29,752.91
7fbc,3a20,2019-05-30,887.89
7b56,5e38,2019-02-28,628.00
1833,f106,2019-12-19,513.27
2420,f3b7,2019-01-08,960.60
e0c3,a3ab,2019-02-20,820.80
579c,ccb0,2019-03-29,145.52
dce8,912d,2019-06-21,631.00
e1c9,6364,2019-07-25,573.38
